{"name":"inspec_nginx","title":"InSpec Profile","maintainer":"Stephanie Thompson","copyright":"Stephanie Thompson","copyright_email":"thompson@progress.com","license":"Apache-2.0","summary":"An InSpec Compliance Profile","version":"0.1.0","supports":[{"platform":"os"}],"controls":[{"title":"NGINX Verion Number","desc":"Checking the version of NGINX that is installed","descriptions":{"default":"Checking the version of NGINX that is installed"},"impact":1.0,"refs":[],"tags":{},"code":"control \"nginx-version\" do                        # A unique ID for this control\n  impact 1.0                                      # The criticality, if this control fails.\n  title \"NGINX Verion Number\"                     # A human-readable title\n  desc \"Checking the version of NGINX that is installed\"\n  describe nginx do                        # The actual test\n    its ('version') { should cmp >= '1.10.3' }\n  end\nend\n","source_location":{"ref":"inspec_nginx/controls/default.rb","line":6},"id":"nginx-version"},{"title":"NGINX Modules","desc":"Required modules for NGINX should be installed","descriptions":{"default":"Required modules for NGINX should be installed"},"impact":1.0,"refs":[],"tags":{},"code":"control 'nginx-modules' do\n  impact 1.0\n  title 'NGINX Modules'\n  desc 'Required modules for NGINX should be installed'\n  describe nginx do\n    its('modules') { should include 'http_ssl' }\n    its('modules') { should include 'stream_ssl' }\n    its('modules') { should include 'mail_ssl' }\n  end\nend\n","source_location":{"ref":"inspec_nginx/controls/default.rb","line":15},"id":"nginx-modules"},{"title":"NGINX Config Check","desc":"The NGINX config file should be owned by root and in root group, not writable, readable, or executable by any others.","descriptions":{"default":"The NGINX config file should be owned by root and in root group, not writable, readable, or executable by any others."},"impact":1.0,"refs":[],"tags":{},"code":"control 'nginx-conf' do\n  impact 1.0\n  title \"NGINX Config Check\"\n  desc \"The NGINX config file should be owned by root and in root group, not writable, readable, or executable by any others.\"\n  describe file('/etc/nginx/nginx.conf') do\n    it { should be_owned_by 'root' }\n    it { should be_grouped_into 'root' }\n    it { should_not be_readable.by('others')}\n    it { should_not be_writable.by('others')}\n    it { should_not be_executable.by('others')}\n  end\nend","source_location":{"ref":"inspec_nginx/controls/default.rb","line":26},"id":"nginx-conf"}],"groups":[{"title":"NGINX Controls","controls":["nginx-version","nginx-modules","nginx-conf"],"id":"controls/default.rb"}],"inputs":[],"sha256":"a46859500f75839227d95662221e28a56d98d63d941815831c1649be78bd14b8","status_message":"","status":"loaded","generator":{"name":"inspec","version":"4.56.20"}}