{"name":"inspec-jenkins-ctl","title":"InSpec Profile","maintainer":"The Authors","copyright":"The Authors","copyright_email":"you@example.com","license":"Apache-2.0","summary":"An InSpec Compliance Profile","version":"0.1.0","supports":[{"platform":"os"}],"controls":[{"title":"Java 11 Installation","desc":"Checking that Java 11 is installed","descriptions":{"default":"Checking that Java 11 is installed"},"impact":1.0,"refs":[],"tags":{},"code":"control 'java-installed' do                        # A unique ID for this control\n  impact 1.0                                       # The criticality, if this control fails.\n  title 'Java 11 Installation'                     # A human-readable title\n  desc 'Checking that Java 11 is installed'\n  describe java do                               # The actual test\n    its('version') { should cmp >= '11' }\n  end\nend\n","source_location":{"ref":"inspec_jenkins_ctl/controls/default.rb","line":6},"id":"java-installed"}],"groups":[{"title":"Jenkins Controller","controls":["java-installed"],"id":"controls/default.rb"}],"inputs":[],"sha256":"b3bb9701328370e62b6c6e510e98a4d2d562fba16e9ce0f6d05365ed03f8bd95","status_message":"","status":"loaded","generator":{"name":"inspec","version":"4.56.20"}}