{"name":"inspec_jenkins_ctl","title":"Jenkins Controller InSpec Profile","maintainer":"Stephanie Thompson","copyright":"Stephanie Thompson","copyright_email":"thompson@progress.com","license":"Apache-2.0","summary":"An InSpec Compliance Profile","version":"0.6.0","supports":[{"platform":"os"}],"controls":[{"title":"Java 11 Installation","desc":"Checking that Java 11 is installed","descriptions":{"default":"Checking that Java 11 is installed"},"impact":1.0,"refs":[],"tags":{},"code":"control 'java' do                                  # A unique ID for this control\n  impact 1.0                                       # The criticality, if this control fails.\n  title 'Java 11 Installation'                     # A human-readable title\n  desc 'Checking that Java 11 is installed'\n  describe packages(/java/) do                               # The actual test\n    its('versions') { should cmp '11.0.15' }\n  end\nend\n","source_location":{"ref":"inspec_jenkins_ctl/controls/default.rb","line":6},"id":"java"}],"groups":[{"title":"Jenkins Controller","controls":["java"],"id":"controls/default.rb"}],"inputs":[],"sha256":"1132d4788782654e69daae1d0db97acc298528afe102e066b7e3763e2b57b262","status_message":"","status":"loaded","generator":{"name":"inspec","version":"4.56.20"}}